0.999308,7.000091,13.188703,16.000296,16.076618,7.000004,13.198737,16.000689,16.081104,9.056582,2.027183,9.928893,0.833330,1.772087,0.000000,0.963586,0.000000,28.043034,0.000000,0.000000,0.000000,0.000000,0.000000,0.000000,0.000000,0.000000,0.000000,0.000000,0.000000,0.000000,0.000000,0.000000,0.000000,0.000000,0.000000,0.000000,0.000000
0.999546,7.000262,13.188967,16.000425,16.075769,6.999693,13.198970,16.000498,16.080322,9.056498,2.026774,9.928622,0.833504,1.772174,0.000000,0.963447,0.000000,28.042526,0.000000,0.000000,0.000000,0.000000,0.000000,0.000000,0.000000,0.000000,0.000000,0.000000,0.000000,0.000000,0.000000,0.000000,0.000000,0.000000,0.000000,0.000000,0.000000
0.999590,7.000782,13.189876,16.001606,16.076942,7.000166,13.199942,16.001621,16.081524,9.057213,2.026960,9.929367,0.833470,1.772390,0.000000,0.963549,0.000000,28.044628,0.000000,0.000000,0.000000,0.000000,0.000000,0.000000,0.000000,0.000000,0.000000,0.000000,0.000000,0.000000,0.000000,0.000000,0.000000,0.000000,0.000000,0.000000,0.000000
0.999689,7.000732,13.189654,16.001425,16.076809,7.000029,13.199741,16.001352,16.081272,9.057122,2.026958,9.929137,0.833630,1.772307,0.000000,0.963640,0.000000,28.044424,0.000000,0.000000,0.000000,0.000000,0.000000,0.000000,0.000000,0.000000,0.000000,0.000000,0.000000,0.000000,0.000000,0.000000,0.000000,0.000000,0.000000,0.000000,0.000000
0.999429,6.999097,13.186532,15.997944,16.074377,6.998879,13.196572,15.998196,16.078423,9.055345,2.026928,9.926813,0.833523,1.771632,0.000000,0.963633,0.000000,28.039282,0.000000,0.000000,0.000000,0.000000,0.000000,0.000000,0.000000,0.000000,0.000000,0.000000,0.000000,0.000000,0.000000,0.000000,0.000000,0.000000,0.000000,0.000000,0.000000
0.999485,7.000469,13.189250,16.000963,16.076756,7.000011,13.199323,16.001102,16.081242,9.056923,2.027117,9.929080,0.833453,1.772276,0.000000,0.963627,0.000000,28.043846,0.000000,0.000000,0.000000,0.000000,0.000000,0.000000,0.000000,0.000000,0.000000,0.000000,0.000000,0.000000,0.000000,0.000000,0.000000,0.000000,0.000000,0.000000,0.000000
0.999489,7.000847,13.190177,16.001856,16.077414,7.000399,13.200160,16.002043,16.082081,9.057459,2.027061,9.929648,0.833423,1.772413,0.000000,0.963557,0.000000,28.045315,0.000000,0.000000,0.000000,0.000000,0.000000,0.000000,0.000000,0.000000,0.000000,0.000000,0.000000,0.000000,0.000000,0.000000,0.000000,0.000000,0.000000,0.000000,0.000000
0.999374,6.999534,13.187243,15.998274,16.073765,6.998730,13.197186,15.998383,16.078293,9.055016,2.026720,9.927204,0.833461,1.771703,0.000000,0.963341,0.000000,28.039059,0.000000,0.000000,0.000000,0.000000,0.000000,0.000000,0.000000,0.000000,0.000000,0.000000,0.000000,0.000000,0.000000,0.000000,0.000000,0.000000,0.000000,0.000000,0.000000
0.999242,6.999224,13.187248,15.998626,16.074997,6.999341,13.197320,15.999066,16.079350,9.055582,2.026976,9.927889,0.833321,1.771834,0.000000,0.963551,0.000000,28.039953,0.000000,0.000000,0.000000,0.000000,0.000000,0.000000,0.000000,0.000000,0.000000,0.000000,0.000000,0.000000,0.000000,0.000000,0.000000,0.000000,0.000000,0.000000,0.000000
0.999501,7.000609,13.189713,16.001295,16.076847,7.000158,13.199677,16.001478,16.081463,9.057125,2.026977,9.929272,0.833462,1.772313,0.000000,0.963534,0.000000,28.044296,0.000000,0.000000,0.000000,0.000000,0.000000,0.000000,0.000000,0.000000,0.000000,0.000000,0.000000,0.000000,0.000000,0.000000,0.000000,0.000000,0.000000,0.000000,0.000000
0.999458,7.000389,13.189205,16.000845,16.076706,7.000038,13.199246,16.001020,16.081158,9.056823,2.027077,9.929039,0.833424,1.772207,0.000000,0.963575,0.000000,28.043629,0.000000,0.000000,0.000000,0.000000,0.000000,0.000000,0.000000,0.000000,0.000000,0.000000,0.000000,0.000000,0.000000,0.000000,0.000000,0.000000,0.000000,0.000000,0.000000
0.999215,6.999480,13.187489,15.999002,16.075838,6.999716,13.197625,15.999460,16.080116,9.055800,2.027203,9.928198,0.833255,1.771849,0.000000,0.963519,0.000000,28.041153,0.000000,0.000000,0.000000,0.000000,0.000000,0.000000,0.000000,0.000000,0.000000,0.000000,0.000000,0.000000,0.000000,0.000000,0.000000,0.000000,0.000000,0.000000,0.000000
0.999525,7.000530,13.189262,16.001043,16.077030,7.000047,13.199338,16.001183,16.081421,9.056964,2.027175,9.929029,0.833518,1.772240,0.000000,0.963694,0.000000,28.044258,0.000000,0.000000,0.000000,0.000000,0.000000,0.000000,0.000000,0.000000,0.000000,0.000000,0.000000,0.000000,0.000000,0.000000,0.000000,0.000000,0.000000,0.000000,0.000000
0.999375,6.999866,13.188272,15.999865,16.075905,6.999728,13.198383,16.000151,16.080280,9.056275,2.026998,9.928506,0.833360,1.772065,0.000000,0.963550,0.000000,28.041920,0.000000,0.000000,0.000000,0.000000,0.000000,0.000000,0.000000,0.000000,0.000000,0.000000,0.000000,0.000000,0.000000,0.000000,0.000000,0.000000,0.000000,0.000000,0.000000
0.999298,6.998228,13.184848,15.995974,16.072929,6.998238,13.194766,15.996227,16.076698,9.054191,2.026731,9.925716,0.833577,1.771377,0.000000,0.963848,0.000000,28.036270,0.000000,0.000000,0.000000,0.000000,0.000000,0.000000,0.000000,0.000000,0.000000,0.000000,0.000000,0.000000,0.000000,0.000000,0.000000,0.000000,0.000000,0.000000,0.000000
0.999578,7.000681,13.189542,16.001316,16.077038,7.000080,13.199607,16.001364,16.081461,9.057129,2.027140,9.929181,0.833555,1.772320,0.000000,0.963699,0.000000,28.044504,0.000000,0.000000,0.000000,0.000000,0.000000,0.000000,0.000000,0.000000,0.000000,0.000000,0.000000,0.000000,0.000000,0.000000,0.000000,0.000000,0.000000,0.000000,0.000000
0.999651,7.000735,13.189657,16.001411,16.076792,7.000054,13.199739,16.001360,16.081276,9.057085,2.026962,9.929170,0.833550,1.772335,0.000000,0.963605,0.000000,28.044346,0.000000,0.000000,0.000000,0.000000,0.000000,0.000000,0.000000,0.000000,0.000000,0.000000,0.000000,0.000000,0.000000,0.000000,0.000000,0.000000,0.000000,0.000000,0.000000
0.999476,7.000264,13.188790,16.000536,16.076742,6.999951,13.198890,16.000778,16.081165,9.056732,2.027166,9.928805,0.833461,1.772164,0.000000,0.963679,0.000000,28.043541,0.000000,0.000000,0.000000,0.000000,0.000000,0.000000,0.000000,0.000000,0.000000,0.000000,0.000000,0.000000,0.000000,0.000000,0.000000,0.000000,0.000000,0.000000,0.000000
0.999582,7.000600,13.189531,16.001175,16.076546,6.999994,13.199580,16.001202,16.081099,9.056977,2.026904,9.929103,0.833521,1.772303,0.000000,0.963532,0.000000,28.043896,0.000000,0.000000,0.000000,0.000000,0.000000,0.000000,0.000000,0.000000,0.000000,0.000000,0.000000,0.000000,0.000000,0.000000,0.000000,0.000000,0.000000,0.000000,0.000000
0.999621,7.000525,13.189520,16.001055,16.076458,6.999959,13.199500,16.001152,16.081079,9.057032,2.026893,9.928968,0.833568,1.772279,0.000000,0.963585,0.000000,28.043903,0.000000,0.000000,0.000000,0.000000,0.000000,0.000000,0.000000,0.000000,0.000000,0.000000,0.000000,0.000000,0.000000,0.000000,0.000000,0.000000,0.000000,0.000000,0.000000
0.999542,7.000403,13.189230,16.000761,16.076120,6.999816,13.199240,16.000835,16.080690,9.056725,2.026843,9.928856,0.833500,1.772232,0.000000,0.963486,0.000000,28.043125,0.000000,0.000000,0.000000,0.000000,0.000000,0.000000,0.000000,0.000000,0.000000,0.000000,0.000000,0.000000,0.000000,0.000000,0.000000,0.000000,0.000000,0.000000,0.000000
0.999547,7.000164,13.188723,16.000164,16.075447,6.999550,13.198746,16.000212,16.080017,9.056307,2.026710,9.928423,0.833516,1.772127,0.000000,0.963417,0.000000,28.042027,0.000000,0.000000,0.000000,0.000000,0.000000,0.000000,0.000000,0.000000,0.000000,0.000000,0.000000,0.000000,0.000000,0.000000,0.000000,0.000000,0.000000,0.000000,0.000000
0.999659,7.000665,13.189577,16.001259,16.076557,6.999969,13.199630,16.001213,16.081083,9.057037,2.026904,9.929053,0.833593,1.772312,0.000000,0.963582,0.000000,28.044075,0.000000,0.000000,0.000000,0.000000,0.000000,0.000000,0.000000,0.000000,0.000000,0.000000,0.000000,0.000000,0.000000,0.000000,0.000000,0.000000,0.000000,0.000000,0.000000
0.999642,7.000717,13.189638,16.001348,16.076740,7.000020,13.199690,16.001310,16.081226,9.057093,2.026977,9.929138,0.833596,1.772319,0.000000,0.963610,0.000000,28.044298,0.000000,0.000000,0.000000,0.000000,0.000000,0.000000,0.000000,0.000000,0.000000,0.000000,0.000000,0.000000,0.000000,0.000000,0.000000,0.000000,0.000000,0.000000,0.000000
0.999469,7.000078,13.188652,16.000086,16.075527,6.999577,13.198701,16.000212,16.080095,9.056274,2.026775,9.928478,0.833418,1.772120,0.000000,0.963420,0.000000,28.041899,0.000000,0.000000,0.000000,0.000000,0.000000,0.000000,0.000000,0.000000,0.000000,0.000000,0.000000,0.000000,0.000000,0.000000,0.000000,0.000000,0.000000,0.000000,0.000000
0.999633,7.000376,13.189082,16.000616,16.076073,6.999776,13.199082,16.000671,16.080568,9.056730,2.026874,9.928703,0.833621,1.772189,0.000000,0.963584,0.000000,28.043110,0.000000,0.000000,0.000000,0.000000,0.000000,0.000000,0.000000,0.000000,0.000000,0.000000,0.000000,0.000000,0.000000,0.000000,0.000000,0.000000,0.000000,0.000000,0.000000
0.999589,7.000564,13.189390,16.001020,16.076250,6.999864,13.199483,16.000990,16.080837,9.056828,2.026855,9.928969,0.833484,1.772287,0.000000,0.963464,0.000000,28.043510,0.000000,0.000000,0.000000,0.000000,0.000000,0.000000,0.000000,0.000000,0.000000,0.000000,0.000000,0.000000,0.000000,0.000000,0.000000,0.000000,0.000000,0.000000,0.000000
0.999628,7.000535,13.189456,16.001026,16.076338,6.999918,13.199481,16.001041,16.080912,9.056877,2.026835,9.928942,0.833555,1.772268,0.000000,0.963510,0.000000,28.043657,0.000000,0.000000,0.000000,0.000000,0.000000,0.000000,0.000000,0.000000,0.000000,0.000000,0.000000,0.000000,0.000000,0.000000,0.000000,0.000000,0.000000,0.000000,0.000000
0.999603,7.000477,13.189068,16.000862,16.076565,6.999848,13.199182,16.000864,16.080914,9.056828,2.027086,9.928848,0.833570,1.772263,0.000000,0.963699,0.000000,28.043631,0.000000,0.000000,0.000000,0.000000,0.000000,0.000000,0.000000,0.000000,0.000000,0.000000,0.000000,0.000000,0.000000,0.000000,0.000000,0.000000,0.000000,0.000000,0.000000
0.999587,7.000481,13.189323,16.000904,16.076321,6.999904,13.199351,16.000938,16.080830,9.056794,2.026865,9.928913,0.833540,1.772227,0.000000,0.963500,0.000000,28.043472,0.000000,0.000000,0.000000,0.000000,0.000000,0.000000,0.000000,0.000000,0.000000,0.000000,0.000000,0.000000,0.000000,0.000000,0.000000,0.000000,0.000000,0.000000,0.000000
0.999399,7.000063,13.188552,16.000206,16.076242,6.999819,13.198655,16.000460,16.080690,9.056513,2.027085,9.928711,0.833379,1.772147,0.000000,0.963596,0.000000,28.042620,0.000000,0.000000,0.000000,0.000000,0.000000,0.000000,0.000000,0.000000,0.000000,0.000000,0.000000,0.000000,0.000000,0.000000,0.000000,0.000000,0.000000,0.000000,0.000000
0.999556,7.000508,13.189356,16.000975,16.076427,6.999946,13.199403,16.001026,16.080938,9.056829,2.026899,9.928997,0.833495,1.772255,0.000000,0.963515,0.000000,28.043564,0.000000,0.000000,0.000000,0.000000,0.000000,0.000000,0.000000,0.000000,0.000000,0.000000,0.000000,0.000000,0.000000,0.000000,0.000000,0.000000,0.000000,0.000000,0.000000
0.999465,7.000417,13.189106,16.000856,16.076988,7.000068,13.199177,16.001080,16.081415,9.056899,2.027192,9.929009,0.833455,1.772221,0.000000,0.963680,0.000000,28.044037,0.000000,0.000000,0.000000,0.000000,0.000000,0.000000,0.000000,0.000000,0.000000,0.000000,0.000000,0.000000,0.000000,0.000000,0.000000,0.000000,0.000000,0.000000,0.000000
0.999555,7.000552,13.189493,16.001102,16.076620,7.000042,13.199510,16.001171,16.081129,9.056924,2.026930,9.929079,0.833499,1.772248,0.000000,0.963516,0.000000,28.043896,0.000000,0.000000,0.000000,0.000000,0.000000,0.000000,0.000000,0.000000,0.000000,0.000000,0.000000,0.000000,0.000000,0.000000,0.000000,0.000000,0.000000,0.000000,0.000000
0.999227,6.999624,13.188006,15.999443,16.076057,6.999843,13.198007,15.999945,16.080412,9.056023,2.027187,9.928476,0.833283,1.771909,0.000000,0.963534,0.000000,28.041683,0.000000,0.000000,0.000000,0.000000,0.000000,0.000000,0.000000,0.000000,0.000000,0.000000,0.000000,0.000000,0.000000,0.000000,0.000000,0.000000,0.000000,0.000000,0.000000
0.999267,6.999848,13.188274,15.999845,16.076347,6.999890,13.198354,16.000271,16.080730,9.056319,2.027172,9.928636,0.833287,1.772009,0.000000,0.963563,0.000000,28.042353,0.000000,0.000000,0.000000,0.000000,0.000000,0.000000,0.000000,0.000000,0.000000,0.000000,0.000000,0.000000,0.000000,0.000000,0.000000,0.000000,0.000000,0.000000,0.000000
0.999365,7.000140,13.188753,16.000433,16.076630,6.999999,13.198834,16.000763,16.081108,9.056673,2.027145,9.928905,0.833355,1.772176,0.000000,0.963598,0.000000,28.043198,0.000000,0.000000,0.000000,0.000000,0.000000,0.000000,0.000000,0.000000,0.000000,0.000000,0.000000,0.000000,0.000000,0.000000,0.000000,0.000000,0.000000,0.000000,0.000000
0.999613,7.000342,13.189095,16.000586,16.075935,6.999767,13.199090,16.000641,16.080505,9.056698,2.026792,9.928673,0.833585,1.772199,0.000000,0.963513,0.000000,28.042952,0.000000,0.000000,0.000000,0.000000,0.000000,0.000000,0.000000,0.000000,0.000000,0.000000,0.000000,0.000000,0.000000,0.000000,0.000000,0.000000,0.000000,0.000000,0.000000
0.999576,7.000795,13.189896,16.001621,16.077312,7.000269,13.199903,16.001703,16.081791,9.057276,2.027109,9.929399,0.833536,1.772333,0.000000,0.963647,0.000000,28.045033,0.000000,0.000000,0.000000,0.000000,0.000000,0.000000,0.000000,0.000000,0.000000,0.000000,0.000000,0.000000,0.000000,0.000000,0.000000,0.000000,0.000000,0.000000,0.000000
0.999293,6.999431,13.187493,15.998995,16.075291,6.999448,13.197635,15.999370,16.079605,9.055811,2.026991,9.928063,0.833327,1.771917,0.000000,0.963566,0.000000,28.040562,0.000000,0.000000,0.000000,0.000000,0.000000,0.000000,0.000000,0.000000,0.000000,0.000000,0.000000,0.000000,0.000000,0.000000,0.000000,0.000000,0.000000,0.000000,0.000000
0.999431,7.000170,13.188766,16.000376,16.076057,6.999796,13.198895,16.000561,16.080578,9.056552,2.026939,9.928765,0.833351,1.772203,0.000000,0.963485,0.000000,28.042583,0.000000,0.000000,0.000000,0.000000,0.000000,0.000000,0.000000,0.000000,0.000000,0.000000,0.000000,0.000000,0.000000,0.000000,0.000000,0.000000,0.000000,0.000000,0.000000
0.999494,7.000494,13.189447,16.001030,16.076576,7.000039,13.199437,16.001188,16.081150,9.056940,2.026947,9.929110,0.833453,1.772283,0.000000,0.963532,0.000000,28.043736,0.000000,0.000000,0.000000,0.000000,0.000000,0.000000,0.000000,0.000000,0.000000,0.000000,0.000000,0.000000,0.000000,0.000000,0.000000,0.000000,0.000000,0.000000,0.000000
0.999499,7.000561,13.189675,16.001228,16.076916,7.000189,13.199620,16.001486,16.081509,9.057123,2.026982,9.929245,0.833463,1.772286,0.000000,0.963558,0.000000,28.044323,0.000000,0.000000,0.000000,0.000000,0.000000,0.000000,0.000000,0.000000,0.000000,0.000000,0.000000,0.000000,0.000000,0.000000,0.000000,0.000000,0.000000,0.000000,0.000000
0.999394,7.000013,13.188463,16.000118,16.076120,6.999775,13.198581,16.000357,16.080536,9.056459,2.027047,9.928629,0.833378,1.772144,0.000000,0.963580,0.000000,28.042435,0.000000,0.000000,0.000000,0.000000,0.000000,0.000000,0.000000,0.000000,0.000000,0.000000,0.000000,0.000000,0.000000,0.000000,0.000000,0.000000,0.000000,0.000000,0.000000
0.999454,7.000246,13.188967,16.000542,16.076099,6.999817,13.199047,16.000694,16.080667,9.056618,2.026904,9.928830,0.833387,1.772209,0.000000,0.963470,0.000000,28.042767,0.000000,0.000000,0.000000,0.000000,0.000000,0.000000,0.000000,0.000000,0.000000,0.000000,0.000000,0.000000,0.000000,0.000000,0.000000,0.000000,0.000000,0.000000,0.000000
0.999668,7.000788,13.189687,16.001469,16.077007,7.000060,13.199740,16.001415,16.081436,9.057183,2.027082,9.929167,0.833646,1.772319,0.000000,0.963699,0.000000,28.044697,0.000000,0.000000,0.000000,0.000000,0.000000,0.000000,0.000000,0.000000,0.000000,0.000000,0.000000,0.000000,0.000000,0.000000,0.000000,0.000000,0.000000,0.000000,0.000000
0.999386,6.999954,13.188449,16.000004,16.075966,6.999776,13.198537,16.000257,16.080391,9.056322,2.026992,9.928584,0.833336,1.772078,0.000000,0.963496,0.000000,28.042107,0.000000,0.000000,0.000000,0.000000,0.000000,0.000000,0.000000,0.000000,0.000000,0.000000,0.000000,0.000000,0.000000,0.000000,0.000000,0.000000,0.000000,0.000000,0.000000
0.999225,6.999615,13.187908,15.999371,16.075867,6.999709,13.197962,15.999837,16.080259,9.056021,2.027143,9.928392,0.833266,1.771918,0.000000,0.963546,0.000000,28.041456,0.000000,0.000000,0.000000,0.000000,0.000000,0.000000,0.000000,0.000000,0.000000,0.000000,0.000000,0.000000,0.000000,0.000000,0.000000,0.000000,0.000000,0.000000,0.000000
0.999447,7.000307,13.189096,16.000660,16.076511,6.999957,13.199100,16.000883,16.080990,9.056719,2.027031,9.928932,0.833450,1.772162,0.000000,0.963575,0.000000,28.043282,0.000000,0.000000,0.000000,0.000000,0.000000,0.000000,0.000000,0.000000,0.000000,0.000000,0.000000,0.000000,0.000000,0.000000,0.000000,0.000000,0.000000,0.000000,0.000000
0.999177,6.998705,13.185896,15.997007,16.074448,6.998956,13.195687,15.997511,16.078312,9.054806,2.027140,9.926766,0.833338,1.771421,0.000000,0.963673,0.000000,28.038385,0.000000,0.000000,0.000000,0.000000,0.000000,0.000000,0.000000,0.000000,0.000000,0.000000,0.000000,0.000000,0.000000,0.000000,0.000000,0.000000,0.000000,0.000000,0.000000
0.999407,7.000309,13.189084,16.000702,16.076656,7.000009,13.199130,16.000963,16.081184,9.056776,2.027130,9.929041,0.833406,1.772195,0.000000,0.963590,0.000000,28.043478,0.000000,0.000000,0.000000,0.000000,0.000000,0.000000,0.000000,0.000000,0.000000,0.000000,0.000000,0.000000,0.000000,0.000000,0.000000,0.000000,0.000000,0.000000,0.000000
0.999595,7.000719,13.189611,16.001364,16.076946,7.000079,13.199677,16.001366,16.081375,9.057110,2.027080,9.929208,0.833544,1.772334,0.000000,0.963653,0.000000,28.044428,0.000000,0.000000,0.000000,0.000000,0.000000,0.000000,0.000000,0.000000,0.000000,0.000000,0.000000,0.000000,0.000000,0.000000,0.000000,0.000000,0.000000,0.000000,0.000000
0.999454,7.000430,13.189360,16.000994,16.076660,7.000076,13.199418,16.001169,16.081228,9.056910,2.027022,9.929157,0.833386,1.772278,0.000000,0.963522,0.000000,28.043709,0.000000,0.000000,0.000000,0.000000,0.000000,0.000000,0.000000,0.000000,0.000000,0.000000,0.000000,0.000000,0.000000,0.000000,0.000000,0.000000,0.000000,0.000000,0.000000
0.999459,7.000278,13.189004,16.000633,16.076265,6.999861,13.199100,16.000793,16.080807,9.056706,2.026972,9.928901,0.833402,1.772235,0.000000,0.963522,0.000000,28.042999,0.000000,0.000000,0.000000,0.000000,0.000000,0.000000,0.000000,0.000000,0.000000,0.000000,0.000000,0.000000,0.000000,0.000000,0.000000,0.000000,0.000000,0.000000,0.000000
0.999569,7.000506,13.189383,16.000973,16.076401,6.999934,13.199402,16.001026,16.080921,9.056864,2.026894,9.928978,0.833532,1.772253,0.000000,0.963526,0.000000,28.043592,0.000000,0.000000,0.000000,0.000000,0.000000,0.000000,0.000000,0.000000,0.000000,0.000000,0.000000,0.000000,0.000000,0.000000,0.000000,0.000000,0.000000,0.000000,0.000000
0.999464,7.000514,13.189394,16.001102,16.076981,7.000133,13.199441,16.001284,16.081478,9.057031,2.027150,9.929203,0.833439,1.772282,0.000000,0.963640,0.000000,28.044189,0.000000,0.000000,0.000000,0.000000,0.000000,0.000000,0.000000,0.000000,0.000000,0.000000,0.000000,0.000000,0.000000,0.000000,0.000000,0.000000,0.000000,0.000000,0.000000
0.999543,7.000704,13.189764,16.001457,16.076881,7.000162,13.199824,16.001526,16.081461,9.057127,2.026961,9.929333,0.833431,1.772356,0.000000,0.963515,0.000000,28.044403,0.000000,0.000000,0.000000,0.000000,0.000000,0.000000,0.000000,0.000000,0.000000,0.000000,0.000000,0.000000,0.000000,0.000000,0.000000,0.000000,0.000000,0.000000,0.000000
0.999532,7.000447,13.189160,16.000877,16.076586,6.999953,13.199267,16.000948,16.081020,9.056842,2.027081,9.928991,0.833479,1.772269,0.000000,0.963622,0.000000,28.043619,0.000000,0.000000,0.000000,0.000000,0.000000,0.000000,0.000000,0.000000,0.000000,0.000000,0.000000,0.000000,0.000000,0.000000,0.000000,0.000000,0.000000,0.000000,0.000000
0.999664,7.000720,13.189587,16.001335,16.076893,7.000040,13.199634,16.001286,16.081284,9.057080,2.027042,9.929100,0.833640,1.772284,0.000000,0.963672,0.000000,28.044428,0.000000,0.000000,0.000000,0.000000,0.000000,0.000000,0.000000,0.000000,0.000000,0.000000,0.000000,0.000000,0.000000,0.000000,0.000000,0.000000,0.000000,0.000000,0.000000
0.999179,6.999585,13.187790,15.999269,16.076138,6.999807,13.197840,15.999805,16.080425,9.055968,2.027232,9.928373,0.833229,1.771860,0.000000,0.963553,0.000000,28.041637,0.000000,0.000000,0.000000,0.000000,0.000000,0.000000,0.000000,0.000000,0.000000,0.000000,0.000000,0.000000,0.000000,0.000000,0.000000,0.000000,0.000000,0.000000,0.000000
0.999247,6.999750,13.187961,15.999404,16.076130,6.999811,13.197924,15.999873,16.080503,9.056062,2.027194,9.928405,0.833267,1.771901,0.000000,0.963556,0.000000,28.041840,0.000000,0.000000,0.000000,0.000000,0.000000,0.000000,0.000000,0.000000,0.000000,0.000000,0.000000,0.000000,0.000000,0.000000,0.000000,0.000000,0.000000,0.000000,0.000000
0.999652,7.000715,13.189645,16.001354,16.076851,7.000069,13.199697,16.001322,16.081291,9.057056,2.026992,9.929146,0.833595,1.772271,0.000000,0.963600,0.000000,28.044399,0.000000,0.000000,0.000000,0.000000,0.000000,0.000000,0.000000,0.000000,0.000000,0.000000,0.000000,0.000000,0.000000,0.000000,0.000000,0.000000,0.000000,0.000000,0.000000
0.999165,6.998920,13.186718,15.998013,16.074682,6.999194,13.196812,15.998544,16.078888,9.055234,2.026974,9.927556,0.833290,1.771703,0.000000,0.963557,0.000000,28.039087,0.000000,0.000000,0.000000,0.000000,0.000000,0.000000,0.000000,0.000000,0.000000,0.000000,0.000000,0.000000,0.000000,0.000000,0.000000,0.000000,0.000000,0.000000,0.000000
0.999415,7.000163,13.188592,16.000257,16.076712,6.999962,13.198644,16.000526,16.080988,9.056520,2.027227,9.928692,0.833415,1.772075,0.000000,0.963642,0.000000,28.043217,0.000000,0.000000,0.000000,0.000000,0.000000,0.000000,0.000000,0.000000,0.000000,0.000000,0.000000,0.000000,0.000000,0.000000,0.000000,0.000000,0.000000,0.000000,0.000000
0.999209,6.999819,13.188336,15.999880,16.076488,7.000009,13.198356,16.000423,16.080914,9.056333,2.027225,9.928762,0.833267,1.772023,0.000000,0.963543,0.000000,28.042492,0.000000,0.000000,0.000000,0.000000,0.000000,0.000000,0.000000,0.000000,0.000000,0.000000,0.000000,0.000000,0.000000,0.000000,0.000000,0.000000,0.000000,0.000000,0.000000
0.999270,6.998886,13.186340,15.997501,16.074669,6.999022,13.196150,15.997971,16.078526,9.055076,2.026960,9.927030,0.833442,1.771488,0.000000,0.963723,0.000000,28.038948,0.000000,0.000000,0.000000,0.000000,0.000000,0.000000,0.000000,0.000000,0.000000,0.000000,0.000000,0.000000,0.000000,0.000000,0.000000,0.000000,0.000000,0.000000,0.000000
0.999272,6.998748,13.185951,15.997182,16.074430,6.998912,13.195899,15.997669,16.078384,9.054964,2.027095,9.926739,0.833428,1.771517,0.000000,0.963679,0.000000,28.038517,0.000000,0.000000,0.000000,0.000000,0.000000,0.000000,0.000000,0.000000,0.000000,0.000000,0.000000,0.000000,0.000000,0.000000,0.000000,0.000000,0.000000,0.000000,0.000000
0.999594,7.000636,13.189487,16.001156,16.076883,7.000046,13.199486,16.001225,16.081284,9.057052,2.027101,9.929052,0.833602,1.772248,0.000000,0.963684,0.000000,28.044315,0.000000,0.000000,0.000000,0.000000,0.000000,0.000000,0.000000,0.000000,0.000000,0.000000,0.000000,0.000000,0.000000,0.000000,0.000000,0.000000,0.000000,0.000000,0.000000
0.999166,6.998954,13.186055,15.996813,16.072784,6.998277,13.195951,15.997050,16.077164,9.054088,2.026798,9.926397,0.833330,1.771392,0.000000,0.963303,0.000000,28.036919,0.000000,0.000000,0.000000,0.000000,0.000000,0.000000,0.000000,0.000000,0.000000,0.000000,0.000000,0.000000,0.000000,0.000000,0.000000,0.000000,0.000000,0.000000,0.000000
0.999109,6.999188,13.187014,15.998407,16.075796,6.999627,13.197068,15.999088,16.079874,9.055422,2.027274,9.927929,0.833251,1.771625,0.000000,0.963559,0.000000,28.040501,0.000000,0.000000,0.000000,0.000000,0.000000,0.000000,0.000000,0.000000,0.000000,0.000000,0.000000,0.000000,0.000000,0.000000,0.000000,0.000000,0.000000,0.000000,0.000000
0.999122,6.997819,13.184081,15.994958,16.073414,6.998479,13.193868,15.995626,16.076885,9.053567,2.027326,9.925506,0.833334,1.770975,0.000000,0.963637,0.000000,28.035685,0.000000,0.000000,0.000000,0.000000,0.000000,0.000000,0.000000,0.000000,0.000000,0.000000,0.000000,0.000000,0.000000,0.000000,0.000000,0.000000,0.000000,0.000000,0.000000
0.999235,6.999866,13.188227,15.999774,16.076416,6.999898,13.198283,16.000265,16.080841,9.056273,2.027236,9.928658,0.833276,1.771985,0.000000,0.963565,0.000000,28.042376,0.000000,0.000000,0.000000,0.000000,0.000000,0.000000,0.000000,0.000000,0.000000,0.000000,0.000000,0.000000,0.000000,0.000000,0.000000,0.000000,0.000000,0.000000,0.000000
0.999529,7.000743,13.189862,16.001549,16.077225,7.000271,13.199852,16.001690,16.081758,9.057253,2.027078,9.929408,0.833491,1.772331,0.000000,0.963598,0.000000,28.044859,0.000000,0.000000,0.000000,0.000000,0.000000,0.000000,0.000000,0.000000,0.000000,0.000000,0.000000,0.000000,0.000000,0.000000,0.000000,0.000000,0.000000,0.000000,0.000000
0.999285,6.999295,13.187368,15.998751,16.075100,6.999416,13.197424,15.999123,16.079353,9.055577,2.026976,9.927895,0.833331,1.771805,0.000000,0.963506,0.000000,28.040112,0.000000,0.000000,0.000000,0.000000,0.000000,0.000000,0.000000,0.000000,0.000000,0.000000,0.000000,0.000000,0.000000,0.000000,0.000000,0.000000,0.000000,0.000000,0.000000
0.999154,6.999226,13.187300,15.998695,16.075384,6.999498,13.197386,15.999277,16.079727,9.055685,2.027061,9.928047,0.833267,1.771807,0.000000,0.963574,0.000000,28.040363,0.000000,0.000000,0.000000,0.000000,0.000000,0.000000,0.000000,0.000000,0.000000,0.000000,0.000000,0.000000,0.000000,0.000000,0.000000,0.000000,0.000000,0.000000,0.000000
0.999675,7.000515,13.189257,16.000904,16.076542,6.999879,13.199283,16.000921,16.080952,9.056904,2.027013,9.928785,0.833691,1.772173,0.000000,0.963692,0.000000,28.043888,0.000000,0.000000,0.000000,0.000000,0.000000,0.000000,0.000000,0.000000,0.000000,0.000000,0.000000,0.000000,0.000000,0.000000,0.000000,0.000000,0.000000,0.000000,0.000000
0.999246,6.999018,13.186651,15.998011,16.074224,6.998991,13.196843,15.998404,16.078449,9.055170,2.026780,9.927374,0.833328,1.771758,0.000000,0.963458,0.000000,28.038706,0.000000,0.000000,0.000000,0.000000,0.000000,0.000000,0.000000,0.000000,0.000000,0.000000,0.000000,0.000000,0.000000,0.000000,0.000000,0.000000,0.000000,0.000000,0.000000
0.999353,7.000154,13.188753,16.000368,16.076702,7.000041,13.198768,16.000723,16.081158,9.056616,2.027195,9.928907,0.833351,1.772118,0.000000,0.963616,0.000000,28.043240,0.000000,0.000000,0.000000,0.000000,0.000000,0.000000,0.000000,0.000000,0.000000,0.000000,0.000000,0.000000,0.000000,0.000000,0.000000,0.000000,0.000000,0.000000,0.000000
0.999517,7.000261,13.188925,16.000406,16.075768,6.999686,13.198956,16.000477,16.080320,9.056461,2.026788,9.928631,0.833458,1.772174,0.000000,0.963435,0.000000,28.042473,0.000000,0.000000,0.000000,0.000000,0.000000,0.000000,0.000000,0.000000,0.000000,0.000000,0.000000,0.000000,0.000000,0.000000,0.000000,0.000000,0.000000,0.000000,0.000000
0.999554,7.000849,13.190007,16.001768,16.077316,7.000278,13.200039,16.001850,16.081882,9.057370,2.027075,9.929506,0.833494,1.772401,0.000000,0.963616,0.000000,28.045126,0.000000,0.000000,0.000000,0.000000,0.000000,0.000000,0.000000,0.000000,0.000000,0.000000,0.000000,0.000000,0.000000,0.000000,0.000000,0.000000,0.000000,0.000000,0.000000
0.999472,7.000565,13.189472,16.001223,16.077187,7.000197,13.199512,16.001425,16.081665,9.057089,2.027184,9.929274,0.833454,1.772297,0.000000,0.963658,0.000000,28.044487,0.000000,0.000000,0.000000,0.000000,0.000000,0.000000,0.000000,0.000000,0.000000,0.000000,0.000000,0.000000,0.000000,0.000000,0.000000,0.000000,0.000000,0.000000,0.000000
0.999610,7.000588,13.189276,16.001085,16.076813,6.999943,13.199376,16.001085,16.081169,9.056955,2.027111,9.928953,0.833581,1.772272,0.000000,0.963721,0.000000,28.044117,0.000000,0.000000,0.000000,0.000000,0.000000,0.000000,0.000000,0.000000,0.000000,0.000000,0.000000,0.000000,0.000000,0.000000,0.000000,0.000000,0.000000,0.000000,0.000000
0.999443,7.000125,13.188633,16.000149,16.075722,6.999656,13.198731,16.000269,16.080214,9.056316,2.026829,9.928523,0.833389,1.772110,0.000000,0.963417,0.000000,28.042137,0.000000,0.000000,0.000000,0.000000,0.000000,0.000000,0.000000,0.000000,0.000000,0.000000,0.000000,0.000000,0.000000,0.000000,0.000000,0.000000,0.000000,0.000000,0.000000
0.999110,6.998036,13.184755,15.995584,16.073250,6.998422,13.194414,15.996117,16.076973,9.054033,2.026896,9.926002,0.833186,1.771161,0.000000,0.963611,0.000000,28.035942,0.000000,0.000000,0.000000,0.000000,0.000000,0.000000,0.000000,0.000000,0.000000,0.000000,0.000000,0.000000,0.000000,0.000000,0.000000,0.000000,0.000000,0.000000,0.000000
0.999513,7.000384,13.189155,16.000727,16.076206,6.999851,13.199197,16.000820,16.080736,9.056683,2.026882,9.928867,0.833454,1.772220,0.000000,0.963488,0.000000,28.043102,0.000000,0.000000,0.000000,0.000000,0.000000,0.000000,0.000000,0.000000,0.000000,0.000000,0.000000,0.000000,0.000000,0.000000,0.000000,0.000000,0.000000,0.000000,0.000000
0.999417,7.000260,13.189079,16.000689,16.076628,7.000036,13.199098,16.000954,16.081123,9.056789,2.027061,9.929013,0.833434,1.772170,0.000000,0.963611,0.000000,28.043398,0.000000,0.000000,0.000000,0.000000,0.000000,0.000000,0.000000,0.000000,0.000000,0.000000,0.000000,0.000000,0.000000,0.000000,0.000000,0.000000,0.000000,0.000000,0.000000
0.999246,6.998725,13.185968,15.996606,16.072321,6.998235,13.195884,15.997101,16.077068,9.054739,2.026336,9.926380,0.833411,1.771513,0.000000,0.963302,0.000000,28.036879,0.000000,0.000000,0.000000,0.000000,0.000000,0.000000,0.000000,0.000000,0.000000,0.000000,0.000000,0.000000,0.000000,0.000000,0.000000,0.000000,0.000000,0.000000,0.000000
0.999552,7.000582,13.189543,16.001186,16.077015,7.000129,13.199533,16.001369,16.081486,9.057112,2.027071,9.929134,0.833560,1.772244,0.000000,0.963669,0.000000,28.044437,0.000000,0.000000,0.000000,0.000000,0.000000,0.000000,0.000000,0.000000,0.000000,0.000000,0.000000,0.000000,0.000000,0.000000,0.000000,0.000000,0.000000,0.000000,0.000000
0.999240,6.999722,13.188009,15.999587,16.076172,6.999809,13.198131,16.000076,16.080597,9.056218,2.027168,9.928535,0.833279,1.771995,0.000000,0.963557,0.000000,28.041981,0.000000,0.000000,0.000000,0.000000,0.000000,0.000000,0.000000,0.000000,0.000000,0.000000,0.000000,0.000000,0.000000,0.000000,0.000000,0.000000,0.000000,0.000000,0.000000
0.999571,7.000433,13.189302,16.000858,16.076286,6.999915,13.199307,16.000931,16.080820,9.056795,2.026845,9.928898,0.833520,1.772227,0.000000,0.963500,0.000000,28.043385,0.000000,0.000000,0.000000,0.000000,0.000000,0.000000,0.000000,0.000000,0.000000,0.000000,0.000000,0.000000,0.000000,0.000000,0.000000,0.000000,0.000000,0.000000,0.000000
0.999379,7.000162,13.188744,16.000399,16.076595,6.999961,13.198819,16.000673,16.080990,9.056604,2.027159,9.928836,0.833370,1.772129,0.000000,0.963592,0.000000,28.043131,0.000000,0.000000,0.000000,0.000000,0.000000,0.000000,0.000000,0.000000,0.000000,0.000000,0.000000,0.000000,0.000000,0.000000,0.000000,0.000000,0.000000,0.000000,0.000000
0.999388,6.999807,13.188147,15.999682,16.075745,6.999603,13.198228,15.999964,16.080109,9.056133,2.027021,9.928373,0.833411,1.772000,0.000000,0.963557,0.000000,28.041603,0.000000,0.000000,0.000000,0.000000,0.000000,0.000000,0.000000,0.000000,0.000000,0.000000,0.000000,0.000000,0.000000,0.000000,0.000000,0.000000,0.000000,0.000000,0.000000
0.999360,6.999764,13.188052,15.999600,16.075783,6.999647,13.198153,15.999887,16.080093,9.056105,2.027054,9.928355,0.833358,1.771992,0.000000,0.963556,0.000000,28.041580,0.000000,0.000000,0.000000,0.000000,0.000000,0.000000,0.000000,0.000000,0.000000,0.000000,0.000000,0.000000,0.000000,0.000000,0.000000,0.000000,0.000000,0.000000,0.000000
0.999240,6.999570,13.187777,15.999283,16.075750,6.999651,13.197873,15.999729,16.080118,9.055989,2.027093,9.928318,0.833277,1.771936,0.000000,0.963556,0.000000,28.041265,0.000000,0.000000,0.000000,0.000000,0.000000,0.000000,0.000000,0.000000,0.000000,0.000000,0.000000,0.000000,0.000000,0.000000,0.000000,0.000000,0.000000,0.000000,0.000000
0.999436,7.000126,13.188684,16.000244,16.075848,6.999732,13.198794,16.000410,16.080368,9.056412,2.026846,9.928628,0.833358,1.772147,0.000000,0.963424,0.000000,28.042280,0.000000,0.000000,0.000000,0.000000,0.000000,0.000000,0.000000,0.000000,0.000000,0.000000,0.000000,0.000000,0.000000,0.000000,0.000000,0.000000,0.000000,0.000000,0.000000
0.999365,7.000251,13.188932,16.000603,16.076878,7.000094,13.198986,16.000933,16.081335,9.056774,2.027194,9.929003,0.833362,1.772165,0.000000,0.963624,0.000000,28.043608,0.000000,0.000000,0.000000,0.000000,0.000000,0.000000,0.000000,0.000000,0.000000,0.000000,0.000000,0.000000,0.000000,0.000000,0.000000,0.000000,0.000000,0.000000,0.000000
0.999597,7.000823,13.189854,16.001675,16.077297,7.000168,13.199914,16.001730,16.081831,9.057348,2.027125,9.929333,0.833579,1.772355,0.000000,0.963704,0.000000,28.045147,0.000000,0.000000,0.000000,0.000000,0.000000,0.000000,0.000000,0.000000,0.000000,0.000000,0.000000,0.000000,0.000000,0.000000,0.000000,0.000000,0.000000,0.000000,0.000000
0.999466,7.000263,13.189041,16.000540,16.076412,6.999936,13.198996,16.000774,16.080868,9.056665,2.027003,9.928860,0.833470,1.772132,0.000000,0.963575,0.000000,28.043125,0.000000,0.000000,0.000000,0.000000,0.000000,0.000000,0.000000,0.000000,0.000000,0.000000,0.000000,0.000000,0.000000,0.000000,0.000000,0.000000,0.000000,0.000000,0.000000
0.999322,6.999960,13.188463,16.000025,16.076258,6.999842,13.198516,16.000385,16.080702,9.056392,2.027128,9.928697,0.833340,1.772057,0.000000,0.963576,0.000000,28.042431,0.000000,0.000000,0.000000,0.000000,0.000000,0.000000,0.000000,0.000000,0.000000,0.000000,0.000000,0.000000,0.000000,0.000000,0.000000,0.000000,0.000000,0.000000,0.000000
0.999443,7.000439,13.189322,16.001009,16.076727,7.000072,13.199388,16.001192,16.081287,9.056953,2.027065,9.929167,0.833389,1.772296,0.000000,0.963564,0.000000,28.043785,0.000000,0.000000,0.000000,0.000000,0.000000,0.000000,0.000000,0.000000,0.000000,0.000000,0.000000,0.000000,0.000000,0.000000,0.000000,0.000000,0.000000,0.000000,0.000000
0.999619,7.000873,13.190027,16.001780,16.077160,7.000204,13.200066,16.001776,16.081732,9.057362,2.027014,9.929424,0.833549,1.772388,0.000000,0.963619,0.000000,28.045071,0.000000,0.000000,0.000000,0.000000,0.000000,0.000000,0.000000,0.000000,0.000000,0.000000,0.000000,0.000000,0.000000,0.000000,0.000000,0.000000,0.000000,0.000000,0.000000
0.999579,7.000609,13.189455,16.001123,16.076595,6.999988,13.199529,16.001137,16.081078,9.056898,2.026952,9.929070,0.833491,1.772278,0.000000,0.963530,0.000000,28.043869,0.000000,0.000000,0.000000,0.000000,0.000000,0.000000,0.000000,0.000000,0.000000,0.000000,0.000000,0.000000,0.000000,0.000000,0.000000,0.000000,0.000000,0.000000,0.000000
0.999255,6.999845,13.188244,15.999780,16.076460,6.999943,13.198271,16.000233,16.080784,9.056238,2.027238,9.928621,0.833274,1.771959,0.000000,0.963571,0.000000,28.042416,0.000000,0.000000,0.000000,0.000000,0.000000,0.000000,0.000000,0.000000,0.000000,0.000000,0.000000,0.000000,0.000000,0.000000,0.000000,0.000000,0.000000,0.000000,0.000000
0.999244,6.999795,13.188215,15.999785,16.076385,6.999928,13.198289,16.000286,16.080830,9.056299,2.027200,9.928680,0.833274,1.772011,0.000000,0.963559,0.000000,28.042339,0.000000,0.000000,0.000000,0.000000,0.000000,0.000000,0.000000,0.000000,0.000000,0.000000,0.000000,0.000000,0.000000,0.000000,0.000000,0.000000,0.000000,0.000000,0.000000
0.999691,7.000644,13.189323,16.001156,16.076691,6.999883,13.199456,16.001083,16.081089,9.056998,2.027061,9.928912,0.833645,1.772278,0.000000,0.963719,0.000000,28.044125,0.000000,0.000000,0.000000,0.000000,0.000000,0.000000,0.000000,0.000000,0.000000,0.000000,0.000000,0.000000,0.000000,0.000000,0.000000,0.000000,0.000000,0.000000,0.000000
0.999560,7.000444,13.189193,16.000753,16.076075,6.999790,13.199243,16.000763,16.080639,9.056652,2.026832,9.928798,0.833487,1.772200,0.000000,0.963441,0.000000,28.043140,0.000000,0.000000,0.000000,0.000000,0.000000,0.000000,0.000000,0.000000,0.000000,0.000000,0.000000,0.000000,0.000000,0.000000,0.000000,0.000000,0.000000,0.000000,0.000000
0.999284,7.000139,13.188800,16.000416,16.076912,7.000122,13.198834,16.000839,16.081337,9.056635,2.027254,9.928978,0.833301,1.772095,0.000000,0.963576,0.000000,28.043427,0.000000,0.000000,0.000000,0.000000,0.000000,0.000000,0.000000,0.000000,0.000000,0.000000,0.000000,0.000000,0.000000,0.000000,0.000000,0.000000,0.000000,0.000000,0.000000
0.999261,6.999979,13.188475,16.000046,16.076700,7.000024,13.198510,16.000477,16.081020,9.056398,2.027261,9.928749,0.833292,1.771982,0.000000,0.963575,0.000000,28.042873,0.000000,0.000000,0.000000,0.000000,0.000000,0.000000,0.000000,0.000000,0.000000,0.000000,0.000000,0.000000,0.000000,0.000000,0.000000,0.000000,0.000000,0.000000,0.000000
0.999179,6.998821,13.186113,15.997334,16.074831,6.999220,13.196104,15.997970,16.078930,9.054935,2.027296,9.927124,0.833270,1.771512,0.000000,0.963562,0.000000,28.038914,0.000000,0.000000,0.000000,0.000000,0.000000,0.000000,0.000000,0.000000,0.000000,0.000000,0.000000,0.000000,0.000000,0.000000,0.000000,0.000000,0.000000,0.000000,0.000000
0.999684,7.000706,13.189529,16.001287,16.076782,6.999983,13.199599,16.001209,16.081171,9.057054,2.027012,9.929031,0.833655,1.772278,0.000000,0.963678,0.000000,28.044315,0.000000,0.000000,0.000000,0.000000,0.000000,0.000000,0.000000,0.000000,0.000000,0.000000,0.000000,0.000000,0.000000,0.000000,0.000000,0.000000,0.000000,0.000000,0.000000
0.999239,7.000000,13.188545,16.000124,16.076893,7.000143,13.198562,16.000637,16.081282,9.056448,2.027319,9.928896,0.833261,1.772017,0.000000,0.963555,0.000000,28.043137,0.000000,0.000000,0.000000,0.000000,0.000000,0.000000,0.000000,0.000000,0.000000,0.000000,0.000000,0.000000,0.000000,0.000000,0.000000,0.000000,0.000000,0.000000,0.000000
0.999301,6.999969,13.188498,16.000137,16.076496,6.999963,13.198585,16.000547,16.080976,9.056528,2.027150,9.928800,0.833302,1.772122,0.000000,0.963570,0.000000,28.042789,0.000000,0.000000,0.000000,0.000000,0.000000,0.000000,0.000000,0.000000,0.000000,0.000000,0.000000,0.000000,0.000000,0.000000,0.000000,0.000000,0.000000,0.000000,0.000000
0.999697,7.000782,13.189606,16.001400,16.076818,6.999983,13.199693,16.001278,16.081202,9.057093,2.027031,9.929085,0.833642,1.772322,0.000000,0.963690,0.000000,28.044447,0.000000,0.000000,0.000000,0.000000,0.000000,0.000000,0.000000,0.000000,0.000000,0.000000,0.000000,0.000000,0.000000,0.000000,0.000000,0.000000,0.000000,0.000000,0.000000
0.999347,6.999878,13.188442,15.999846,16.075989,6.999787,13.198405,16.000183,16.080383,9.056273,2.026988,9.928568,0.833375,1.772020,0.000000,0.963529,0.000000,28.042051,0.000000,0.000000,0.000000,0.000000,0.000000,0.000000,0.000000,0.000000,0.000000,0.000000,0.000000,0.000000,0.000000,0.000000,0.000000,0.000000,0.000000,0.000000,0.000000
0.999397,6.999798,13.188087,15.999605,16.075325,6.999477,13.198241,15.999824,16.079792,9.056061,2.026820,9.928268,0.833363,1.772046,0.000000,0.963424,0.000000,28.041172,0.000000,0.000000,0.000000,0.000000,0.000000,0.000000,0.000000,0.000000,0.000000,0.000000,0.000000,0.000000,0.000000,0.000000,0.000000,0.000000,0.000000,0.000000,0.000000
0.999611,7.000604,13.189329,16.001156,16.076820,6.999946,13.199444,16.001171,16.081228,9.056998,2.027083,9.928997,0.833588,1.772308,0.000000,0.963706,0.000000,28.044170,0.000000,0.000000,0.000000,0.000000,0.000000,0.000000,0.000000,0.000000,0.000000,0.000000,0.000000,0.000000,0.000000,0.000000,0.000000,0.000000,0.000000,0.000000,0.000000
0.999588,7.000465,13.189389,16.000885,16.076305,6.999900,13.199365,16.001011,16.080952,9.056959,2.026870,9.928905,0.833572,1.772248,0.000000,0.963551,0.000000,28.043640,0.000000,0.000000,0.000000,0.000000,0.000000,0.000000,0.000000,0.000000,0.000000,0.000000,0.000000,0.000000,0.000000,0.000000,0.000000,0.000000,0.000000,0.000000,0.000000
0.999597,7.000726,13.189670,16.001410,16.077112,7.000143,13.199704,16.001446,16.081516,9.057154,2.027101,9.929216,0.833576,1.772294,0.000000,0.963675,0.000000,28.044668,0.000000,0.000000,0.000000,0.000000,0.000000,0.000000,0.000000,0.000000,0.000000,0.000000,0.000000,0.000000,0.000000,0.000000,0.000000,0.000000,0.000000,0.000000,0.000000
0.999171,6.999706,13.187939,15.999388,16.076385,6.999894,13.197921,15.999961,16.080662,9.055986,2.027314,9.928474,0.833244,1.771814,0.000000,0.963550,0.000000,28.041965,0.000000,0.000000,0.000000,0.000000,0.000000,0.000000,0.000000,0.000000,0.000000,0.000000,0.000000,0.000000,0.000000,0.000000,0.000000,0.000000,0.000000,0.000000,0.000000
0.999246,6.999933,13.188460,16.000036,16.076559,7.000007,13.198506,16.000505,16.080982,9.056418,2.027226,9.928801,0.833281,1.772047,0.000000,0.963548,0.000000,28.042732,0.000000,0.000000,0.000000,0.000000,0.000000,0.000000,0.000000,0.000000,0.000000,0.000000,0.000000,0.000000,0.000000,0.000000,0.000000,0.000000,0.000000,0.000000,0.000000
0.999409,7.000005,13.188505,16.000086,16.075928,6.999720,13.198596,16.000307,16.080397,9.056401,2.027002,9.928613,0.833377,1.772121,0.000000,0.963547,0.000000,28.042175,0.000000,0.000000,0.000000,0.000000,0.000000,0.000000,0.000000,0.000000,0.000000,0.000000,0.000000,0.000000,0.000000,0.000000,0.000000,0.000000,0.000000,0.000000,0.000000
0.999486,7.000718,13.189877,16.001554,16.077232,7.000326,13.199894,16.001717,16.081772,9.057194,2.027054,9.929468,0.833404,1.772336,0.000000,0.963526,0.000000,28.044790,0.000000,0.000000,0.000000,0.000000,0.000000,0.000000,0.000000,0.000000,0.000000,0.000000,0.000000,0.000000,0.000000,0.000000,0.000000,0.000000,0.000000,0.000000,0.000000
0.999159,6.999350,13.187380,15.998832,16.075821,6.999693,13.197442,15.999416,16.080116,9.055729,2.027219,9.928165,0.833209,1.771801,0.000000,0.963550,0.000000,28.040955,0.000000,0.000000,0.000000,0.000000,0.000000,0.000000,0.000000,0.000000,0.000000,0.000000,0.000000,0.000000,0.000000,0.000000,0.000000,0.000000,0.000000,0.000000,0.000000
0.999447,7.000451,13.189244,16.000959,16.076946,7.000108,13.199301,16.001169,16.081417,9.056952,2.027162,9.929128,0.833426,1.772254,0.000000,0.963643,0.000000,28.044029,0.000000,0.000000,0.000000,0.000000,0.000000,0.000000,0.000000,0.000000,0.000000,0.000000,0.000000,0.000000,0.000000,0.000000,0.000000,0.000000,0.000000,0.000000,0.000000
0.999534,7.000233,13.188955,16.000433,16.075882,6.999755,13.198937,16.000549,16.080404,9.056548,2.026804,9.928667,0.833507,1.772175,0.000000,0.963488,0.000000,28.042572,0.000000,0.000000,0.000000,0.000000,0.000000,0.000000,0.000000,0.000000,0.000000,0.000000,0.000000,0.000000,0.000000,0.000000,0.000000,0.000000,0.000000,0.000000,0.000000
0.999663,7.000653,13.189556,16.001240,16.076601,6.999976,13.199609,16.001196,16.081110,9.057026,2.026915,9.929037,0.833607,1.772276,0.000000,0.963584,0.000000,28.044113,0.000000,0.000000,0.000000,0.000000,0.000000,0.000000,0.000000,0.000000,0.000000,0.000000,0.000000,0.000000,0.000000,0.000000,0.000000,0.000000,0.000000,0.000000,0.000000
0.999317,7.000168,13.188755,16.000364,16.076893,7.000091,13.198783,16.000748,16.081264,9.056572,2.027270,9.928911,0.833338,1.772054,0.000000,0.963593,0.000000,28.043381,0.000000,0.000000,0.000000,0.000000,0.000000,0.000000,0.000000,0.000000,0.000000,0.000000,0.000000,0.000000,0.000000,0.000000,0.000000,0.000000,0.000000,0.000000,0.000000
0.999276,6.999722,13.188074,15.999620,16.075970,6.999711,13.198177,16.000050,16.080379,9.056192,2.027095,9.928486,0.833330,1.771989,0.000000,0.963572,0.000000,28.041756,0.000000,0.000000,0.000000,0.000000,0.000000,0.000000,0.000000,0.000000,0.000000,0.000000,0.000000,0.000000,0.000000,0.000000,0.000000,0.000000,0.000000,0.000000,0.000000
0.999684,7.000580,13.189169,16.001011,16.076576,6.999816,13.199322,16.000923,16.080936,9.056886,2.027066,9.928841,0.833648,1.772279,0.000000,0.963724,0.000000,28.043844,0.000000,0.000000,0.000000,0.000000,0.000000,0.000000,0.000000,0.000000,0.000000,0.000000,0.000000,0.000000,0.000000,0.000000,0.000000,0.000000,0.000000,0.000000,0.000000
0.999654,7.000777,13.189676,16.001451,16.077000,7.000067,13.199732,16.001404,16.081413,9.057167,2.027077,9.929176,0.833625,1.772323,0.000000,0.963692,0.000000,28.044643,0.000000,0.000000,0.000000,0.000000,0.000000,0.000000,0.000000,0.000000,0.000000,0.000000,0.000000,0.000000,0.000000,0.000000,0.000000,0.000000,0.000000,0.000000,0.000000
0.999336,6.999737,13.188213,15.999689,16.075726,6.999632,13.198258,16.000038,16.080164,9.056198,2.026966,9.928426,0.833407,1.771987,0.000000,0.963569,0.000000,28.041576,0.000000,0.000000,0.000000,0.000000,0.000000,0.000000,0.000000,0.000000,0.000000,0.000000,0.000000,0.000000,0.000000,0.000000,0.000000,0.000000,0.000000,0.000000,0.000000
0.999513,6.999683,13.187738,15.999034,16.074924,6.999207,13.197667,15.999269,16.079285,9.055992,2.026874,9.927748,0.833635,1.771905,0.000000,0.963651,0.000000,28.040911,0.000000,0.000000,0.000000,0.000000,0.000000,0.000000,0.000000,0.000000,0.000000,0.000000,0.000000,0.000000,0.000000,0.000000,0.000000,0.000000,0.000000,0.000000,0.000000
0.999480,7.000215,13.188939,16.000404,16.076103,6.999794,13.198924,16.000580,16.080599,9.056581,2.026941,9.928742,0.833470,1.772153,0.000000,0.963556,0.000000,28.042744,0.000000,0.000000,0.000000,0.000000,0.000000,0.000000,0.000000,0.000000,0.000000,0.000000,0.000000,0.000000,0.000000,0.000000,0.000000,0.000000,0.000000,0.000000,0.000000
0.999669,7.000779,13.189670,16.001451,16.076826,7.000019,13.199759,16.001371,16.081276,9.057142,2.026999,9.929168,0.833606,1.772354,0.000000,0.963658,0.000000,28.044456,0.000000,0.000000,0.000000,0.000000,0.000000,0.000000,0.000000,0.000000,0.000000,0.000000,0.000000,0.000000,0.000000,0.000000,0.000000,0.000000,0.000000,0.000000,0.000000
0.999642,7.000745,13.189659,16.001425,16.076868,7.000047,13.199738,16.001381,16.081322,9.057142,2.027021,9.929193,0.833591,1.772345,0.000000,0.963653,0.000000,28.044437,0.000000,0.000000,0.000000,0.000000,0.000000,0.000000,0.000000,0.000000,0.000000,0.000000,0.000000,0.000000,0.000000,0.000000,0.000000,0.000000,0.000000,0.000000,0.000000
0.999651,7.000696,13.189466,16.001282,16.076763,6.999944,13.199589,16.001217,16.081173,9.057045,2.027041,9.929070,0.833604,1.772338,0.000000,0.963684,0.000000,28.044212,0.000000,0.000000,0.000000,0.000000,0.000000,0.000000,0.000000,0.000000,0.000000,0.000000,0.000000,0.000000,0.000000,0.000000,0.000000,0.000000,0.000000,0.000000,0.000000
0.999586,7.000506,13.189501,16.001070,16.076321,6.999952,13.199513,16.001137,16.080986,9.056932,2.026799,9.929001,0.833486,1.772289,0.000000,0.963473,0.000000,28.043640,0.000000,0.000000,0.000000,0.000000,0.000000,0.000000,0.000000,0.000000,0.000000,0.000000,0.000000,0.000000,0.000000,0.000000,0.000000,0.000000,0.000000,0.000000,0.000000
0.999635,7.000349,13.189127,16.000620,16.075956,6.999774,13.199124,16.000671,16.080532,9.056710,2.026792,9.928679,0.833590,1.772203,0.000000,0.963524,0.000000,28.043009,0.000000,0.000000,0.000000,0.000000,0.000000,0.000000,0.000000,0.000000,0.000000,0.000000,0.000000,0.000000,0.000000,0.000000,0.000000,0.000000,0.000000,0.000000,0.000000
0.999556,7.000479,13.189312,16.000917,16.076237,6.999893,13.199378,16.000956,16.080811,9.056787,2.026834,9.928946,0.833461,1.772265,0.000000,0.963467,0.000000,28.043350,0.000000,0.000000,0.000000,0.000000,0.000000,0.000000,0.000000,0.000000,0.000000,0.000000,0.000000,0.000000,0.000000,0.000000,0.000000,0.000000,0.000000,0.000000,0.000000
0.999608,7.000720,13.189796,16.001436,16.076759,7.000112,13.199857,16.001448,16.081333,9.057095,2.026896,9.929241,0.833480,1.772346,0.000000,0.963527,0.000000,28.044373,0.000000,0.000000,0.000000,0.000000,0.000000,0.000000,0.000000,0.000000,0.000000,0.000000,0.000000,0.000000,0.000000,0.000000,0.000000,0.000000,0.000000,0.000000,0.000000
0.999422,7.000305,13.189001,16.000692,16.076782,7.000041,13.199067,16.000952,16.081253,9.056816,2.027151,9.929006,0.833417,1.772194,0.000000,0.963637,0.000000,28.043608,0.000000,0.000000,0.000000,0.000000,0.000000,0.000000,0.000000,0.000000,0.000000,0.000000,0.000000,0.000000,0.000000,0.000000,0.000000,0.000000,0.000000,0.000000,0.000000
0.999699,7.000641,13.189444,16.001118,16.076439,6.999867,13.199492,16.001032,16.080914,9.056982,2.026932,9.928917,0.833673,1.772277,0.000000,0.963628,0.000000,28.043921,0.000000,0.000000,0.000000,0.000000,0.000000,0.000000,0.000000,0.000000,0.000000,0.000000,0.000000,0.000000,0.000000,0.000000,0.000000,0.000000,0.000000,0.000000,0.000000
0.999555,7.000423,13.189224,16.000803,16.076187,6.999853,13.199265,16.000858,16.080725,9.056728,2.026849,9.928881,0.833497,1.772242,0.000000,0.963492,0.000000,28.043186,0.000000,0.000000,0.000000,0.000000,0.000000,0.000000,0.000000,0.000000,0.000000,0.000000,0.000000,0.000000,0.000000,0.000000,0.000000,0.000000,0.000000,0.000000,0.000000
0.999621,7.000657,13.189585,16.001240,16.076519,6.999975,13.199647,16.001223,16.081083,9.057001,2.026882,9.929096,0.833545,1.772310,0.000000,0.963520,0.000000,28.043989,0.000000,0.000000,0.000000,0.000000,0.000000,0.000000,0.000000,0.000000,0.000000,0.000000,0.000000,0.000000,0.000000,0.000000,0.000000,0.000000,0.000000,0.000000,0.000000
0.999600,7.000477,13.189309,16.000898,16.076195,6.999865,13.199359,16.000914,16.080770,9.056780,2.026806,9.928881,0.833522,1.772235,0.000000,0.963467,0.000000,28.043373,0.000000,0.000000,0.000000,0.000000,0.000000,0.000000,0.000000,0.000000,0.000000,0.000000,0.000000,0.000000,0.000000,0.000000,0.000000,0.000000,0.000000,0.000000,0.000000
0.999501,7.000334,13.188974,16.000717,16.076546,6.999907,13.199086,16.000849,16.080982,9.056788,2.027083,9.928899,0.833473,1.772238,0.000000,0.963634,0.000000,28.043411,0.000000,0.000000,0.000000,0.000000,0.000000,0.000000,0.000000,0.000000,0.000000,0.000000,0.000000,0.000000,0.000000,0.000000,0.000000,0.000000,0.000000,0.000000,0.000000
0.999666,7.000334,13.188988,16.000526,16.075874,6.999705,13.199009,16.000517,16.080383,9.056628,2.026783,9.928568,0.833631,1.772173,0.000000,0.963536,0.000000,28.042843,0.000000,0.000000,0.000000,0.000000,0.000000,0.000000,0.000000,0.000000,0.000000,0.000000,0.000000,0.000000,0.000000,0.000000,0.000000,0.000000,0.000000,0.000000,0.000000
0.999476,7.000334,13.189023,16.000736,16.076567,6.999951,13.199114,16.000889,16.081017,9.056789,2.027086,9.928949,0.833433,1.772243,0.000000,0.963615,0.000000,28.043427,0.000000,0.000000,0.000000,0.000000,0.000000,0.000000,0.000000,0.000000,0.000000,0.000000,0.000000,0.000000,0.000000,0.000000,0.000000,0.000000,0.000000,0.000000,0.000000
0.999571,7.000603,13.189405,16.001177,16.076813,6.999999,13.199505,16.001211,16.081245,9.057024,2.027078,9.929105,0.833530,1.772319,0.000000,0.963659,0.000000,28.044113,0.000000,0.000000,0.000000,0.000000,0.000000,0.000000,0.000000,0.000000,0.000000,0.000000,0.000000,0.000000,0.000000,0.000000,0.000000,0.000000,0.000000,0.000000,0.000000
0.999660,7.000791,13.189714,16.001530,16.077034,7.000057,13.199786,16.001488,16.081501,9.057238,2.027067,9.929186,0.833636,1.772341,0.000000,0.963714,0.000000,28.044781,0.000000,0.000000,0.000000,0.000000,0.000000,0.000000,0.000000,0.000000,0.000000,0.000000,0.000000,0.000000,0.000000,0.000000,0.000000,0.000000,0.000000,0.000000,0.000000
0.999591,7.000288,13.188986,16.000467,16.075924,6.999743,13.198972,16.000540,16.080410,9.056581,2.026823,9.928627,0.833582,1.772146,0.000000,0.963507,0.000000,28.042770,0.000000,0.000000,0.000000,0.000000,0.000000,0.000000,0.000000,0.000000,0.000000,0.000000,0.000000,0.000000,0.000000,0.000000,0.000000,0.000000,0.000000,0.000000,0.000000
0.999332,6.999574,13.187583,15.998991,16.074858,6.999275,13.197708,15.999229,16.079235,9.055633,2.026785,9.927860,0.833349,1.771897,0.000000,0.963363,0.000000,28.040230,0.000000,0.000000,0.000000,0.000000,0.000000,0.000000,0.000000,0.000000,0.000000,0.000000,0.000000,0.000000,0.000000,0.000000,0.000000,0.000000,0.000000,0.000000,0.000000
0.999189,6.999445,13.187375,15.998844,16.075827,6.999667,13.197440,15.999365,16.080120,9.055771,2.027232,9.928085,0.833216,1.771824,0.000000,0.963548,0.000000,28.041058,0.000000,0.000000,0.000000,0.000000,0.000000,0.000000,0.000000,0.000000,0.000000,0.000000,0.000000,0.000000,0.000000,0.000000,0.000000,0.000000,0.000000,0.000000,0.000000
0.999533,7.000638,13.189661,16.001316,16.076895,7.000134,13.199668,16.001425,16.081444,9.057138,2.027030,9.929263,0.833501,1.772321,0.000000,0.963596,0.000000,28.044327,0.000000,0.000000,0.000000,0.000000,0.000000,0.000000,0.000000,0.000000,0.000000,0.000000,0.000000,0.000000,0.000000,0.000000,0.000000,0.000000,0.000000,0.000000,0.000000
0.999537,7.000880,13.190100,16.001867,16.077568,7.000361,13.200114,16.001995,16.082123,9.057459,2.027151,9.929588,0.833505,1.772396,0.000000,0.963661,0.000000,28.045479,0.000000,0.000000,0.000000,0.000000,0.000000,0.000000,0.000000,0.000000,0.000000,0.000000,0.000000,0.000000,0.000000,0.000000,0.000000,0.000000,0.000000,0.000000,0.000000
0.999458,7.000277,13.188938,16.000650,16.076431,6.999896,13.199054,16.000816,16.080906,9.056759,2.027043,9.928898,0.833424,1.772246,0.000000,0.963598,0.000000,28.043209,0.000000,0.000000,0.000000,0.000000,0.000000,0.000000,0.000000,0.000000,0.000000,0.000000,0.000000,0.000000,0.000000,0.000000,0.000000,0.000000,0.000000,0.000000,0.000000
0.999653,7.000582,13.189479,16.001099,16.076420,6.999924,13.199507,16.001083,16.080957,9.056963,2.026878,9.928963,0.833603,1.772279,0.000000,0.963567,0.000000,28.043829,0.000000,0.000000,0.000000,0.000000,0.000000,0.000000,0.000000,0.000000,0.000000,0.000000,0.000000,0.000000,0.000000,0.000000,0.000000,0.000000,0.000000,0.000000,0.000000
0.999626,7.000749,13.189625,16.001434,16.076914,7.000031,13.199722,16.001392,16.081350,9.057135,2.027041,9.929179,0.833571,1.772356,0.000000,0.963673,0.000000,28.044483,0.000000,0.000000,0.000000,0.000000,0.000000,0.000000,0.000000,0.000000,0.000000,0.000000,0.000000,0.000000,0.000000,0.000000,0.000000,0.000000,0.000000,0.000000,0.000000
0.999574,7.000744,13.189842,16.001528,16.076889,7.000171,13.199891,16.001562,16.081474,9.057158,2.026938,9.929335,0.833451,1.772356,0.000000,0.963518,0.000000,28.044518,0.000000,0.000000,0.000000,0.000000,0.000000,0.000000,0.000000,0.000000,0.000000,0.000000,0.000000,0.000000,0.000000,0.000000,0.000000,0.000000,0.000000,0.000000,0.000000
0.999389,7.000259,13.188892,16.000566,16.076906,7.000081,13.198936,16.000874,16.081285,9.056735,2.027208,9.928941,0.833397,1.772136,0.000000,0.963650,0.000000,28.043617,0.000000,0.000000,0.000000,0.000000,0.000000,0.000000,0.000000,0.000000,0.000000,0.000000,0.000000,0.000000,0.000000,0.000000,0.000000,0.000000,0.000000,0.000000,0.000000
0.999433,7.000292,13.188869,16.000572,16.076778,7.000003,13.198935,16.000816,16.081161,9.056730,2.027180,9.928889,0.833429,1.772165,0.000000,0.963661,0.000000,28.043533,0.000000,0.000000,0.000000,0.000000,0.000000,0.000000,0.000000,0.000000,0.000000,0.000000,0.000000,0.000000,0.000000,0.000000,0.000000,0.000000,0.000000,0.000000,0.000000
0.999521,7.000349,13.189116,16.000658,16.076210,6.999880,13.199183,16.000759,16.080706,9.056606,2.026890,9.928853,0.833426,1.772194,0.000000,0.963461,0.000000,28.043043,0.000000,0.000000,0.000000,0.000000,0.000000,0.000000,0.000000,0.000000,0.000000,0.000000,0.000000,0.000000,0.000000,0.000000,0.000000,0.000000,0.000000,0.000000,0.000000
0.999259,6.999048,13.186920,15.998253,16.074291,6.999061,13.197045,15.998598,16.078640,9.055338,2.026783,9.927555,0.833345,1.771827,0.000000,0.963464,0.000000,28.038944,0.000000,0.000000,0.000000,0.000000,0.000000,0.000000,0.000000,0.000000,0.000000,0.000000,0.000000,0.000000,0.000000,0.000000,0.000000,0.000000,0.000000,0.000000,0.000000
0.999505,7.000339,13.189148,16.000647,16.076008,6.999792,13.199181,16.000736,16.080605,9.056635,2.026824,9.928824,0.833438,1.772223,0.000000,0.963443,0.000000,28.042896,0.000000,0.000000,0.000000,0.000000,0.000000,0.000000,0.000000,0.000000,0.000000,0.000000,0.000000,0.000000,0.000000,0.000000,0.000000,0.000000,0.000000,0.000000,0.000000
0.999648,7.000717,13.189724,16.001438,16.076828,7.000033,13.199759,16.001440,16.081404,9.057222,2.026970,9.929152,0.833610,1.772322,0.000000,0.963636,0.000000,28.044548,0.000000,0.000000,0.000000,0.000000,0.000000,0.000000,0.000000,0.000000,0.000000,0.000000,0.000000,0.000000,0.000000,0.000000,0.000000,0.000000,0.000000,0.000000,0.000000
0.999672,7.000679,13.189531,16.001234,16.076561,6.999942,13.199590,16.001158,16.081043,9.057014,2.026934,9.929025,0.833620,1.772303,0.000000,0.963605,0.000000,28.044060,0.000000,0.000000,0.000000,0.000000,0.000000,0.000000,0.000000,0.000000,0.000000,0.000000,0.000000,0.000000,0.000000,0.000000,0.000000,0.000000,0.000000,0.000000,0.000000
0.999571,7.000753,13.189756,16.001501,16.077133,7.000165,13.199803,16.001553,16.081617,9.057243,2.027122,9.929333,0.833540,1.772356,0.000000,0.963665,0.000000,28.044743,0.000000,0.000000,0.000000,0.000000,0.000000,0.000000,0.000000,0.000000,0.000000,0.000000,0.000000,0.000000,0.000000,0.000000,0.000000,0.000000,0.000000,0.000000,0.000000
0.999582,7.000491,13.189276,16.000868,16.076199,6.999854,13.199320,16.000879,16.080738,9.056765,2.026847,9.928881,0.833519,1.772252,0.000000,0.963494,0.000000,28.043324,0.000000,0.000000,0.000000,0.000000,0.000000,0.000000,0.000000,0.000000,0.000000,0.000000,0.000000,0.000000,0.000000,0.000000,0.000000,0.000000,0.000000,0.000000,0.000000
0.999492,7.000583,13.189708,16.001234,16.076725,7.000156,13.199658,16.001406,16.081352,9.057060,2.026915,9.929252,0.833442,1.772321,0.000000,0.963509,0.000000,28.044115,0.000000,0.000000,0.000000,0.000000,0.000000,0.000000,0.000000,0.000000,0.000000,0.000000,0.000000,0.000000,0.000000,0.000000,0.000000,0.000000,0.000000,0.000000,0.000000
0.999485,7.000576,13.189641,16.001242,16.076805,7.000149,13.199678,16.001390,16.081396,9.057034,2.026959,9.929276,0.833405,1.772310,0.000000,0.963519,0.000000,28.044094,0.000000,0.000000,0.000000,0.000000,0.000000,0.000000,0.000000,0.000000,0.000000,0.000000,0.000000,0.000000,0.000000,0.000000,0.000000,0.000000,0.000000,0.000000,0.000000
0.999451,7.000312,13.189020,16.000648,16.076441,6.999935,13.199103,16.000805,16.080894,9.056690,2.027037,9.928925,0.833397,1.772200,0.000000,0.963535,0.000000,28.043175,0.000000,0.000000,0.000000,0.000000,0.000000,0.000000,0.000000,0.000000,0.000000,0.000000,0.000000,0.000000,0.000000,0.000000,0.000000,0.000000,0.000000,0.000000,0.000000
0.999296,6.999915,13.188545,16.000021,16.076462,7.000014,13.198537,16.000441,16.080879,9.056400,2.027175,9.928802,0.833323,1.772011,0.000000,0.963573,0.000000,28.042633,0.000000,0.000000,0.000000,0.000000,0.000000,0.000000,0.000000,0.000000,0.000000,0.000000,0.000000,0.000000,0.000000,0.000000,0.000000,0.000000,0.000000,0.000000,0.000000
0.999638,6.999968,13.187851,15.999544,16.075298,6.999205,13.198066,15.999427,16.079325,9.055903,2.026927,9.927812,0.833654,1.772015,0.000000,0.963713,0.000000,28.041199,0.000000,0.000000,0.000000,0.000000,0.000000,0.000000,0.000000,0.000000,0.000000,0.000000,0.000000,0.000000,0.000000,0.000000,0.000000,0.000000,0.000000,0.000000,0.000000
0.999488,7.000297,13.188957,16.000517,16.076159,6.999862,13.199029,16.000614,16.080601,9.056501,2.026889,9.928745,0.833408,1.772129,0.000000,0.963433,0.000000,28.042877,0.000000,0.000000,0.000000,0.000000,0.000000,0.000000,0.000000,0.000000,0.000000,0.000000,0.000000,0.000000,0.000000,0.000000,0.000000,0.000000,0.000000,0.000000,0.000000
0.999068,6.999046,13.186985,15.998286,16.075245,6.999488,13.197034,15.998927,16.079514,9.055445,2.027151,9.927904,0.833196,1.771728,0.000000,0.963548,0.000000,28.039894,0.000000,0.000000,0.000000,0.000000,0.000000,0.000000,0.000000,0.000000,0.000000,0.000000,0.000000,0.000000,0.000000,0.000000,0.000000,0.000000,0.000000,0.000000,0.000000
0.999468,7.000110,13.188805,16.000200,16.075693,6.999692,13.198834,16.000345,16.080263,9.056355,2.026763,9.928548,0.833400,1.772119,0.000000,0.963428,0.000000,28.042192,0.000000,0.000000,0.000000,0.000000,0.000000,0.000000,0.000000,0.000000,0.000000,0.000000,0.000000,0.000000,0.000000,0.000000,0.000000,0.000000,0.000000,0.000000,0.000000
0.999352,6.999334,13.187145,15.998435,16.074551,6.999133,13.197266,15.998731,16.078735,9.055390,2.026792,9.927471,0.833396,1.771857,0.000000,0.963449,0.000000,28.039547,0.000000,0.000000,0.000000,0.000000,0.000000,0.000000,0.000000,0.000000,0.000000,0.000000,0.000000,0.000000,0.000000,0.000000,0.000000,0.000000,0.000000,0.000000,0.000000
0.999149,6.999603,13.187944,15.999433,16.076406,6.999942,13.197963,16.000031,16.080748,9.056107,2.027297,9.928553,0.833214,1.771873,0.000000,0.963553,0.000000,28.042006,0.000000,0.000000,0.000000,0.000000,0.000000,0.000000,0.000000,0.000000,0.000000,0.000000,0.000000,0.000000,0.000000,0.000000,0.000000,0.000000,0.000000,0.000000,0.000000
0.999522,7.000094,13.188343,16.000032,16.075909,6.999574,13.198480,16.000067,16.080122,9.056285,2.027048,9.928349,0.833515,1.772083,0.000000,0.963706,0.000000,28.042183,0.000000,0.000000,0.000000,0.000000,0.000000,0.000000,0.000000,0.000000,0.000000,0.000000,0.000000,0.000000,0.000000,0.000000,0.000000,0.000000,0.000000,0.000000,0.000000
0.999538,7.000415,13.189283,16.000797,16.076241,6.999903,13.199273,16.000887,16.080776,9.056768,2.026866,9.928909,0.833504,1.772240,0.000000,0.963514,0.000000,28.043266,0.000000,0.000000,0.000000,0.000000,0.000000,0.000000,0.000000,0.000000,0.000000,0.000000,0.000000,0.000000,0.000000,0.000000,0.000000,0.000000,0.000000,0.000000,0.000000
0.999554,7.000685,13.189783,16.001455,16.077099,7.000215,13.199804,16.001572,16.081619,9.057202,2.027030,9.929352,0.833537,1.772332,0.000000,0.963632,0.000000,28.044632,0.000000,0.000000,0.000000,0.000000,0.000000,0.000000,0.000000,0.000000,0.000000,0.000000,0.000000,0.000000,0.000000,0.000000,0.000000,0.000000,0.000000,0.000000,0.000000
0.999363,6.997918,13.184703,15.995670,16.071787,6.997851,13.194760,15.996027,16.075821,9.054093,2.026232,9.925638,0.833771,1.771534,0.000000,0.963483,0.000000,28.034693,0.000000,0.000000,0.000000,0.000000,0.000000,0.000000,0.000000,0.000000,0.000000,0.000000,0.000000,0.000000,0.000000,0.000000,0.000000,0.000000,0.000000,0.000000,0.000000
0.999294,7.000015,13.188683,16.000235,16.076483,6.999982,13.198724,16.000629,16.080994,9.056566,2.027177,9.928887,0.833307,1.772081,0.000000,0.963574,0.000000,28.042791,0.000000,0.000000,0.000000,0.000000,0.000000,0.000000,0.000000,0.000000,0.000000,0.000000,0.000000,0.000000,0.000000,0.000000,0.000000,0.000000,0.000000,0.000000,0.000000
0.999510,7.000700,13.189733,16.001451,16.077194,7.000228,13.199763,16.001585,16.081736,9.057234,2.027130,9.929382,0.833486,1.772342,0.000000,0.963653,0.000000,28.044731,0.000000,0.000000,0.000000,0.000000,0.000000,0.000000,0.000000,0.000000,0.000000,0.000000,0.000000,0.000000,0.000000,0.000000,0.000000,0.000000,0.000000,0.000000,0.000000
0.999651,7.000782,13.189758,16.001486,16.076967,7.000080,13.199786,16.001467,16.081455,9.057220,2.027050,9.929190,0.833654,1.772321,0.000000,0.963682,0.000000,28.044739,0.000000,0.000000,0.000000,0.000000,0.000000,0.000000,0.000000,0.000000,0.000000,0.000000,0.000000,0.000000,0.000000,0.000000,0.000000,0.000000,0.000000,0.000000,0.000000
0.999476,7.000906,13.190309,16.002005,16.077648,7.000489,13.200287,16.002207,16.082308,9.057538,2.027092,9.929762,0.833434,1.772442,0.000000,0.963594,0.000000,28.045631,0.000000,0.000000,0.000000,0.000000,0.000000,0.000000,0.000000,0.000000,0.000000,0.000000,0.000000,0.000000,0.000000,0.000000,0.000000,0.000000,0.000000,0.000000,0.000000
0.999401,6.999309,13.187074,15.998076,16.073938,6.998884,13.196998,15.998453,16.078499,9.055476,2.026648,9.927279,0.833523,1.771740,0.000000,0.963465,0.000000,28.039337,0.000000,0.000000,0.000000,0.000000,0.000000,0.000000,0.000000,0.000000,0.000000,0.000000,0.000000,0.000000,0.000000,0.000000,0.000000,0.000000,0.000000,0.000000,0.000000
0.999473,7.000538,13.189347,16.001081,16.077209,7.000148,13.199383,16.001270,16.081598,9.056969,2.027224,9.929148,0.833486,1.772219,0.000000,0.963648,0.000000,28.044388,0.000000,0.000000,0.000000,0.000000,0.000000,0.000000,0.000000,0.000000,0.000000,0.000000,0.000000,0.000000,0.000000,0.000000,0.000000,0.000000,0.000000,0.000000,0.000000
0.999156,6.999518,13.187624,15.999099,16.076387,6.999938,13.197639,15.999679,16.080555,9.055813,2.027363,9.928341,0.833179,1.771735,0.000000,0.963527,0.000000,28.041710,0.000000,0.000000,0.000000,0.000000,0.000000,0.000000,0.000000,0.000000,0.000000,0.000000,0.000000,0.000000,0.000000,0.000000,0.000000,0.000000,0.000000,0.000000,0.000000
0.999139,6.996786,13.183035,15.993876,16.070042,6.997699,13.193495,15.994257,16.074366,9.052540,2.026014,9.925147,0.832695,1.771239,0.000000,0.963058,0.000000,28.031105,0.000000,0.000000,0.000000,0.000000,0.000000,0.000000,0.000000,0.000000,0.000000,0.000000,0.000000,0.000000,0.000000,0.000000,0.000000,0.000000,0.000000,0.000000,0.000000
0.999577,7.000660,13.189585,16.001280,16.076778,7.000058,13.199634,16.001305,16.081266,9.057045,2.027008,9.929178,0.833520,1.772313,0.000000,0.963589,0.000000,28.044176,0.000000,0.000000,0.000000,0.000000,0.000000,0.000000,0.000000,0.000000,0.000000,0.000000,0.000000,0.000000,0.000000,0.000000,0.000000,0.000000,0.000000,0.000000,0.000000
0.999449,7.000134,13.188752,16.000181,16.075745,6.999669,13.198789,16.000326,16.080273,9.056326,2.026840,9.928562,0.833400,1.772109,0.000000,0.963421,0.000000,28.042198,0.000000,0.000000,0.000000,0.000000,0.000000,0.000000,0.000000,0.000000,0.000000,0.000000,0.000000,0.000000,0.000000,0.000000,0.000000,0.000000,0.000000,0.000000,0.000000
0.999273,7.000070,13.188711,16.000299,16.076656,7.000024,13.198752,16.000727,16.081158,9.056595,2.027197,9.928923,0.833302,1.772082,0.000000,0.963572,0.000000,28.043049,0.000000,0.000000,0.000000,0.000000,0.000000,0.000000,0.000000,0.000000,0.000000,0.000000,0.000000,0.000000,0.000000,0.000000,0.000000,0.000000,0.000000,0.000000,0.000000
0.999515,7.000316,13.189216,16.000671,16.076187,6.999889,13.199197,16.000813,16.080750,9.056686,2.026831,9.928834,0.833486,1.772174,0.000000,0.963453,0.000000,28.043137,0.000000,0.000000,0.000000,0.000000,0.000000,0.000000,0.000000,0.000000,0.000000,0.000000,0.000000,0.000000,0.000000,0.000000,0.000000,0.000000,0.000000,0.000000,0.000000
0.999134,6.999205,13.187053,15.998476,16.075607,6.999591,13.197130,15.999083,16.079847,9.055513,2.027235,9.927958,0.833196,1.771717,0.000000,0.963539,0.000000,28.040440,0.000000,0.000000,0.000000,0.000000,0.000000,0.000000,0.000000,0.000000,0.000000,0.000000,0.000000,0.000000,0.000000,0.000000,0.000000,0.000000,0.000000,0.000000,0.000000
0.999384,6.999964,13.188431,15.999872,16.075373,6.999524,13.198545,16.000031,16.079962,9.056211,2.026794,9.928421,0.833341,1.772121,0.000000,0.963384,0.000000,28.041580,0.000000,0.000000,0.000000,0.000000,0.000000,0.000000,0.000000,0.000000,0.000000,0.000000,0.000000,0.000000,0.000000,0.000000,0.000000,0.000000,0.000000,0.000000,0.000000
0.999636,7.000765,13.189798,16.001467,16.076744,7.000034,13.199845,16.001442,16.081358,9.057195,2.026938,9.929218,0.833583,1.772342,0.000000,0.963573,0.000000,28.044483,0.000000,0.000000,0.000000,0.000000,0.000000,0.000000,0.000000,0.000000,0.000000,0.000000,0.000000,0.000000,0.000000,0.000000,0.000000,0.000000,0.000000,0.000000,0.000000
0.999533,7.000650,13.189773,16.001373,16.077011,7.000181,13.199735,16.001562,16.081581,9.057209,2.027015,9.929275,0.833526,1.772293,0.000000,0.963598,0.000000,28.044590,0.000000,0.000000,0.000000,0.000000,0.000000,0.000000,0.000000,0.000000,0.000000,0.000000,0.000000,0.000000,0.000000,0.000000,0.000000,0.000000,0.000000,0.000000,0.000000
0.999321,6.998062,13.184739,15.995580,16.072010,6.997874,13.195035,15.996169,16.075802,9.053823,2.026426,9.925835,0.833342,1.771403,0.000000,0.963588,0.000000,28.034439,0.000000,0.000000,0.000000,0.000000,0.000000,0.000000,0.000000,0.000000,0.000000,0.000000,0.000000,0.000000,0.000000,0.000000,0.000000,0.000000,0.000000,0.000000,0.000000
0.999429,7.000250,13.188963,16.000595,16.076332,6.999885,13.199076,16.000793,16.080860,9.056704,2.027003,9.928913,0.833389,1.772224,0.000000,0.963535,0.000000,28.043037,0.000000,0.000000,0.000000,0.000000,0.000000,0.000000,0.000000,0.000000,0.000000,0.000000,0.000000,0.000000,0.000000,0.000000,0.000000,0.000000,0.000000,0.000000,0.000000
